<?xml version="1.0" encoding="UTF-8"?><root><result><subject>Associate - CSWA FULL exam</subject><examcode>CSWA_R4v0</examcode><langcode></langcode><location>VirtualTester Online</location><duration>173</duration><score>110</score><maxscore>240</maxscore><passed>0</passed><exam_start>2021-03-15 19:56:14</exam_start><exam_end>2021-03-15 22:49:27</exam_end><checksum>11d18f0a4e9301f51f96affe687224fb</checksum></result><proctor><firstname>VirtualTester</firstname><lastname>Online</lastname><company>Tangix Design &amp; Development AB</company><email>info@tangix.com</email><website>www.tangix.com</website><address1>Morbydalen 15, 3tr</address1><address2></address2><city>Danderyd</city><state></state><postalcode>182 52</postalcode><country>SE</country></proctor><customer><firstname>Radosław</firstname><lastname>Jurczak</lastname><company>student</company><email>peyn124@gmail.com</email><website></website><address1>Brzezna 379</address1><address2></address2><city>Podegrodzie</city><state>--</state><postalcode>33-386</postalcode><country>PL</country></customer></root>
